henrique , 99999999 , linuxville 
henrique , 99999999 , linuxville 
henrique , 99999999 , linuxville 
henrique , 99999999 , linuxville 
henrique , 99999999 , linuxville 
henrique , 99999999 , linuxville 
henrique , 99999999 , linuxville 
henrique , 99999999 , linuxville 
henrique , 99999999 , linuxville 
henrique , 99999999 , linuxville 
henrique , 99999999 , linuxville 
henrique , 99999999 , linuxville 
henrique , 99999999 , linuxville 
henrique , 99999999 , linuxville 
henrique , 99999999 , linuxville 
henrique , 99999999 , linuxville 
henrique , 99999999 , linuxville 
henrique , 99999999 , linuxville 
henrique , 99999999 , linuxville 
henrique , 99999999 , linuxville 
henrique , 99999999 , linuxville 
henrique , 99999999 , linuxville 
henrique , 99999999 , linuxville 
henrique , 99999999 , linuxville 
henrique , 99999999 , linuxville 
henrique , 99999999 , linuxville 
henrique , 99999999 , linuxville 
henrique , 99999999 , linuxville 
henrique , 99999999 , linuxville 
henrique , 99999999 , linuxville 
henrique , 99999999 , linuxville 
henrique , 99999999 , linuxville 
henrique , 99999999 , linuxville 
henrique , 99999999 , linuxville 
henrique , 99999999 , linuxville 
henrique , 99999999 , linuxville 
henrique , 99999999 , linuxville 
henrique , 99999999 , linuxville 
henrique , 99999999 , linuxville 
henrique , 99999999 , linuxville 
